sample_id	subject_id	subject_uuid	sample_body_site	visit_number	subject_gender	subject_race	study_full_name	project_name
cad5930efe6763b64b3ccf1cd669a2eb	3001	1419f08f554e0c93f3b62fe90c016fbe	feces	4	female	caucasian	Inflammatory Bowel Disease Multi-omics Database (IBDMDB)	Integrative Human Microbiome Project
e85a36182291e14f07e89efdce4eab9b	4007	1419f08f554e0c93f3b62fe90c03c9f1	feces	4	female	caucasian	Inflammatory Bowel Disease Multi-omics Database (IBDMDB)	Integrative Human Microbiome Project
cad5930efe6763b64b3ccf1cd6767c18	3009	1419f08f554e0c93f3b62fe90c010059	feces	4	male	caucasian	Inflammatory Bowel Disease Multi-omics Database (IBDMDB)	Integrative Human Microbiome Project
d39c1941c8f6e8b0f6ead5d7f7155d23	4011	1419f08f554e0c93f3b62fe90c040a8a	feces	4	female	caucasian	Inflammatory Bowel Disease Multi-omics Database (IBDMDB)	Integrative Human Microbiome Project
e85a36182291e14f07e89efdce422b48	5001	1419f08f554e0c93f3b62fe90c0659d8	feces	4	female	ethnic_other	Inflammatory Bowel Disease Multi-omics Database (IBDMDB)	Integrative Human Microbiome Project
cad5930efe6763b64b3ccf1cd69b8f94	4006	1419f08f554e0c93f3b62fe90c03bd6c	feces	4	male	caucasian	Inflammatory Bowel Disease Multi-omics Database (IBDMDB)	Integrative Human Microbiome Project
d39c1941c8f6e8b0f6ead5d7f74c165d	5003	1419f08f554e0c93f3b62fe90c06729c	feces	4	male	african_american	Inflammatory Bowel Disease Multi-omics Database (IBDMDB)	Integrative Human Microbiome Project
d39c1941c8f6e8b0f6ead5d7f75a3064	2014	1419f08f554e0c93f3b62fe90c076a99	feces	4	male	caucasian	Inflammatory Bowel Disease Multi-omics Database (IBDMDB)	Integrative Human Microbiome Project
cad5930efe6763b64b3ccf1cd6c29678	2027	1419f08f554e0c93f3b62fe90c077fe5	feces	4	male	ethnic_other	Inflammatory Bowel Disease Multi-omics Database (IBDMDB)	Integrative Human Microbiome Project
cad5930efe6763b64b3ccf1cd6a5a071	4014	1419f08f554e0c93f3b62fe90c043384	feces	4	female	caucasian	Inflammatory Bowel Disease Multi-omics Database (IBDMDB)	Integrative Human Microbiome Project
cad5930efe6763b64b3ccf1cd6754842	3008	1419f08f554e0c93f3b62fe90c016091	feces	4	female	caucasian	Inflammatory Bowel Disease Multi-omics Database (IBDMDB)	Integrative Human Microbiome Project
5994274eae30475ead69bfe27a13f8b4	3007	1419f08f554e0c93f3b62fe90c00a876	feces	4	female	caucasian	Inflammatory Bowel Disease Multi-omics Database (IBDMDB)	Integrative Human Microbiome Project
cad5930efe6763b64b3ccf1cd69384ab	5008	1419f08f554e0c93f3b62fe90c06b386	feces	4	male	african_american	Inflammatory Bowel Disease Multi-omics Database (IBDMDB)	Integrative Human Microbiome Project
cad5930efe6763b64b3ccf1cd66db81b	3003	1419f08f554e0c93f3b62fe90c00d5e7	feces	4	female	caucasian	Inflammatory Bowel Disease Multi-omics Database (IBDMDB)	Integrative Human Microbiome Project
d39c1941c8f6e8b0f6ead5d7f7254ffe	2026	1419f08f554e0c93f3b62fe90c075141	feces	4	female	caucasian	Inflammatory Bowel Disease Multi-omics Database (IBDMDB)	Integrative Human Microbiome Project
cad5930efe6763b64b3ccf1cd6a2c300	4010	1419f08f554e0c93f3b62fe90c040030	feces	4	male	african_american	Inflammatory Bowel Disease Multi-omics Database (IBDMDB)	Integrative Human Microbiome Project
cad5930efe6763b64b3ccf1cd671c445	3005	1419f08f554e0c93f3b62fe90c02ecec	feces	4	female	caucasian	Inflammatory Bowel Disease Multi-omics Database (IBDMDB)	Integrative Human Microbiome Project
cad5930efe6763b64b3ccf1cd690630a	5002	1419f08f554e0c93f3b62fe90c0667d3	feces	4	female	african_american	Inflammatory Bowel Disease Multi-omics Database (IBDMDB)	Integrative Human Microbiome Project
cad5930efe6763b64b3ccf1cd6916c15	5004	1419f08f554e0c93f3b62fe90c068004	feces	4	female	african_american	Inflammatory Bowel Disease Multi-omics Database (IBDMDB)	Integrative Human Microbiome Project
cad5930efe6763b64b3ccf1cd6bf2aeb	2025	1419f08f554e0c93f3b62fe90c0376b5	feces	4	female	caucasian	Inflammatory Bowel Disease Multi-omics Database (IBDMDB)	Integrative Human Microbiome Project
cad5930efe6763b64b3ccf1cd6710c63	3004	1419f08f554e0c93f3b62fe90c01c1a3	feces	8	female	caucasian	Inflammatory Bowel Disease Multi-omics Database (IBDMDB)	Integrative Human Microbiome Project
cad5930efe6763b64b3ccf1cd66d04ad	3002	1419f08f554e0c93f3b62fe90c0132d0	feces	8	female	caucasian	Inflammatory Bowel Disease Multi-omics Database (IBDMDB)	Integrative Human Microbiome Project
cad5930efe6763b64b3ccf1cd6c388ba	2027	1419f08f554e0c93f3b62fe90c077fe5	feces	8	male	ethnic_other	Inflammatory Bowel Disease Multi-omics Database (IBDMDB)	Integrative Human Microbiome Project
d39c1941c8f6e8b0f6ead5d7f74a5299	5001	1419f08f554e0c93f3b62fe90c0659d8	feces	8	female	ethnic_other	Inflammatory Bowel Disease Multi-omics Database (IBDMDB)	Integrative Human Microbiome Project
cad5930efe6763b64b3ccf1cd6bed2b6	2021	1419f08f554e0c93f3b62fe90c0786e1	feces	8	male	caucasian	Inflammatory Bowel Disease Multi-omics Database (IBDMDB)	Integrative Human Microbiome Project
d39c1941c8f6e8b0f6ead5d7f7658f25	2028	1419f08f554e0c93f3b62fe90c064022	feces	8	female	caucasian	Inflammatory Bowel Disease Multi-omics Database (IBDMDB)	Integrative Human Microbiome Project
d39c1941c8f6e8b0f6ead5d7f757c6ce	2010	1419f08f554e0c93f3b62fe90c0635b4	feces	8	male	caucasian	Inflammatory Bowel Disease Multi-omics Database (IBDMDB)	Integrative Human Microbiome Project
d39c1941c8f6e8b0f6ead5d7f707ed3f	4001	1419f08f554e0c93f3b62fe90c039dd8	feces	8	male	caucasian	Inflammatory Bowel Disease Multi-omics Database (IBDMDB)	Integrative Human Microbiome Project
cad5930efe6763b64b3ccf1cd6bdd324	2014	1419f08f554e0c93f3b62fe90c076a99	feces	8	male	caucasian	Inflammatory Bowel Disease Multi-omics Database (IBDMDB)	Integrative Human Microbiome Project
d39c1941c8f6e8b0f6ead5d7f74cb45e	5004	1419f08f554e0c93f3b62fe90c068004	feces	8	female	african_american	Inflammatory Bowel Disease Multi-omics Database (IBDMDB)	Integrative Human Microbiome Project
d39c1941c8f6e8b0f6ead5d7f7633e21	2026	1419f08f554e0c93f3b62fe90c075141	feces	8	female	caucasian	Inflammatory Bowel Disease Multi-omics Database (IBDMDB)	Integrative Human Microbiome Project
cad5930efe6763b64b3ccf1cd6c09902	2025	1419f08f554e0c93f3b62fe90c0376b5	feces	8	female	caucasian	Inflammatory Bowel Disease Multi-omics Database (IBDMDB)	Integrative Human Microbiome Project
d39c1941c8f6e8b0f6ead5d7f75f0c10	2021	1419f08f554e0c93f3b62fe90c0786e1	feces	11	male	caucasian	Inflammatory Bowel Disease Multi-omics Database (IBDMDB)	Integrative Human Microbiome Project
5994274eae30475ead69bfe27a0c48e8	3001	1419f08f554e0c93f3b62fe90c016fbe	feces	11	female	caucasian	Inflammatory Bowel Disease Multi-omics Database (IBDMDB)	Integrative Human Microbiome Project
d39c1941c8f6e8b0f6ead5d7f724fab2	2025	1419f08f554e0c93f3b62fe90c0376b5	feces	11	female	caucasian	Inflammatory Bowel Disease Multi-omics Database (IBDMDB)	Integrative Human Microbiome Project
d39c1941c8f6e8b0f6ead5d7f7669f56	2028	1419f08f554e0c93f3b62fe90c064022	feces	11	female	caucasian	Inflammatory Bowel Disease Multi-omics Database (IBDMDB)	Integrative Human Microbiome Project
d39c1941c8f6e8b0f6ead5d7f7207bba	2014	1419f08f554e0c93f3b62fe90c076a99	feces	11	male	caucasian	Inflammatory Bowel Disease Multi-omics Database (IBDMDB)	Integrative Human Microbiome Project
d39c1941c8f6e8b0f6ead5d7f758da91	2010	1419f08f554e0c93f3b62fe90c0635b4	feces	11	male	caucasian	Inflammatory Bowel Disease Multi-omics Database (IBDMDB)	Integrative Human Microbiome Project
cad5930efe6763b64b3ccf1cd6990047	4001	1419f08f554e0c93f3b62fe90c039dd8	feces	11	male	caucasian	Inflammatory Bowel Disease Multi-omics Database (IBDMDB)	Integrative Human Microbiome Project
d39c1941c8f6e8b0f6ead5d7f7264ea7	2026	1419f08f554e0c93f3b62fe90c075141	feces	11	female	caucasian	Inflammatory Bowel Disease Multi-omics Database (IBDMDB)	Integrative Human Microbiome Project
d39c1941c8f6e8b0f6ead5d7f74d8225	5004	1419f08f554e0c93f3b62fe90c068004	feces	11	female	african_american	Inflammatory Bowel Disease Multi-omics Database (IBDMDB)	Integrative Human Microbiome Project
d39c1941c8f6e8b0f6ead5d7f76190a5	2025	1419f08f554e0c93f3b62fe90c0376b5	feces	9	female	caucasian	Inflammatory Bowel Disease Multi-omics Database (IBDMDB)	Integrative Human Microbiome Project
5994274eae30475ead69bfe27a0ef0f3	3002	1419f08f554e0c93f3b62fe90c0132d0	feces	9	female	caucasian	Inflammatory Bowel Disease Multi-omics Database (IBDMDB)	Integrative Human Microbiome Project
d39c1941c8f6e8b0f6ead5d7f7234340	2021	1419f08f554e0c93f3b62fe90c0786e1	feces	9	male	caucasian	Inflammatory Bowel Disease Multi-omics Database (IBDMDB)	Integrative Human Microbiome Project
d39c1941c8f6e8b0f6ead5d7f7201f6e	2014	1419f08f554e0c93f3b62fe90c076a99	feces	9	male	caucasian	Inflammatory Bowel Disease Multi-omics Database (IBDMDB)	Integrative Human Microbiome Project
e85a36182291e14f07e89efdce429f3c	5001	1419f08f554e0c93f3b62fe90c0659d8	feces	9	female	ethnic_other	Inflammatory Bowel Disease Multi-omics Database (IBDMDB)	Integrative Human Microbiome Project
d39c1941c8f6e8b0f6ead5d7f7662a9d	2028	1419f08f554e0c93f3b62fe90c064022	feces	9	female	caucasian	Inflammatory Bowel Disease Multi-omics Database (IBDMDB)	Integrative Human Microbiome Project
d39c1941c8f6e8b0f6ead5d7f70842c1	4001	1419f08f554e0c93f3b62fe90c039dd8	feces	9	male	caucasian	Inflammatory Bowel Disease Multi-omics Database (IBDMDB)	Integrative Human Microbiome Project
d39c1941c8f6e8b0f6ead5d7f758577b	2010	1419f08f554e0c93f3b62fe90c0635b4	feces	9	male	caucasian	Inflammatory Bowel Disease Multi-omics Database (IBDMDB)	Integrative Human Microbiome Project
d39c1941c8f6e8b0f6ead5d7f7047600	5004	1419f08f554e0c93f3b62fe90c068004	feces	9	female	african_american	Inflammatory Bowel Disease Multi-omics Database (IBDMDB)	Integrative Human Microbiome Project
d39c1941c8f6e8b0f6ead5d7f7639577	2026	1419f08f554e0c93f3b62fe90c075141	feces	9	female	caucasian	Inflammatory Bowel Disease Multi-omics Database (IBDMDB)	Integrative Human Microbiome Project
d39c1941c8f6e8b0f6ead5d7f744ad60	3004	1419f08f554e0c93f3b62fe90c01c1a3	feces	5	female	caucasian	Inflammatory Bowel Disease Multi-omics Database (IBDMDB)	Integrative Human Microbiome Project
d39c1941c8f6e8b0f6ead5d7f7520a05	4006	1419f08f554e0c93f3b62fe90c03bd6c	feces	5	male	caucasian	Inflammatory Bowel Disease Multi-omics Database (IBDMDB)	Integrative Human Microbiome Project
d39c1941c8f6e8b0f6ead5d7f7228b01	2021	1419f08f554e0c93f3b62fe90c0786e1	feces	5	male	caucasian	Inflammatory Bowel Disease Multi-omics Database (IBDMDB)	Integrative Human Microbiome Project
5994274eae30475ead69bfe27a26d5bf	5001	1419f08f554e0c93f3b62fe90c0659d8	feces	5	female	ethnic_other	Inflammatory Bowel Disease Multi-omics Database (IBDMDB)	Integrative Human Microbiome Project
d39c1941c8f6e8b0f6ead5d7f7559a2c	4011	1419f08f554e0c93f3b62fe90c040a8a	feces	5	female	caucasian	Inflammatory Bowel Disease Multi-omics Database (IBDMDB)	Integrative Human Microbiome Project
d39c1941c8f6e8b0f6ead5d7f753cab3	4007	1419f08f554e0c93f3b62fe90c03c9f1	feces	5	female	caucasian	Inflammatory Bowel Disease Multi-omics Database (IBDMDB)	Integrative Human Microbiome Project
d39c1941c8f6e8b0f6ead5d7f748b784	3009	1419f08f554e0c93f3b62fe90c010059	feces	5	male	caucasian	Inflammatory Bowel Disease Multi-omics Database (IBDMDB)	Integrative Human Microbiome Project
5994274eae30475ead69bfe27a0da3ab	3002	1419f08f554e0c93f3b62fe90c0132d0	feces	5	female	caucasian	Inflammatory Bowel Disease Multi-omics Database (IBDMDB)	Integrative Human Microbiome Project
d39c1941c8f6e8b0f6ead5d7f7671e2f	2034	1419f08f554e0c93f3b62fe90c05c1a8	feces	5	female	caucasian	Inflammatory Bowel Disease Multi-omics Database (IBDMDB)	Integrative Human Microbiome Project
d39c1941c8f6e8b0f6ead5d7f74efe0c	4001	1419f08f554e0c93f3b62fe90c039dd8	feces	5	male	caucasian	Inflammatory Bowel Disease Multi-omics Database (IBDMDB)	Integrative Human Microbiome Project
d39c1941c8f6e8b0f6ead5d7f75ab0b4	2014	1419f08f554e0c93f3b62fe90c076a99	feces	5	male	caucasian	Inflammatory Bowel Disease Multi-omics Database (IBDMDB)	Integrative Human Microbiome Project
5994274eae30475ead69bfe27a145faa	3007	1419f08f554e0c93f3b62fe90c00a876	feces	5	female	caucasian	Inflammatory Bowel Disease Multi-omics Database (IBDMDB)	Integrative Human Microbiome Project
d39c1941c8f6e8b0f6ead5d7f705094d	5006	1419f08f554e0c93f3b62fe90c0690f7	feces	5	male	african_american	Inflammatory Bowel Disease Multi-omics Database (IBDMDB)	Integrative Human Microbiome Project
5994274eae30475ead69bfe27a0f9be8	3003	1419f08f554e0c93f3b62fe90c00d5e7	feces	5	female	caucasian	Inflammatory Bowel Disease Multi-omics Database (IBDMDB)	Integrative Human Microbiome Project
cad5930efe6763b64b3ccf1cd6c1b6cc	2026	1419f08f554e0c93f3b62fe90c075141	feces	5	female	caucasian	Inflammatory Bowel Disease Multi-omics Database (IBDMDB)	Integrative Human Microbiome Project
d39c1941c8f6e8b0f6ead5d7f714882c	4010	1419f08f554e0c93f3b62fe90c040030	feces	5	male	african_american	Inflammatory Bowel Disease Multi-omics Database (IBDMDB)	Integrative Human Microbiome Project
d39c1941c8f6e8b0f6ead5d7f7242847	2025	1419f08f554e0c93f3b62fe90c0376b5	feces	5	female	caucasian	Inflammatory Bowel Disease Multi-omics Database (IBDMDB)	Integrative Human Microbiome Project
d39c1941c8f6e8b0f6ead5d7f70b5418	4007	1419f08f554e0c93f3b62fe90c03c9f1	feces	7	female	caucasian	Inflammatory Bowel Disease Multi-omics Database (IBDMDB)	Integrative Human Microbiome Project
d39c1941c8f6e8b0f6ead5d7f764de7a	2027	1419f08f554e0c93f3b62fe90c077fe5	feces	7	male	ethnic_other	Inflammatory Bowel Disease Multi-omics Database (IBDMDB)	Integrative Human Microbiome Project
d39c1941c8f6e8b0f6ead5d7f7007a6c	5001	1419f08f554e0c93f3b62fe90c0659d8	feces	7	female	ethnic_other	Inflammatory Bowel Disease Multi-omics Database (IBDMDB)	Integrative Human Microbiome Project
d39c1941c8f6e8b0f6ead5d7f724b1b8	2025	1419f08f554e0c93f3b62fe90c0376b5	feces	7	female	caucasian	Inflammatory Bowel Disease Multi-omics Database (IBDMDB)	Integrative Human Microbiome Project
e85a36182291e14f07e89efdce48a1ea	4001	1419f08f554e0c93f3b62fe90c039dd8	feces	7	male	caucasian	Inflammatory Bowel Disease Multi-omics Database (IBDMDB)	Integrative Human Microbiome Project
d39c1941c8f6e8b0f6ead5d7f75b5600	2014	1419f08f554e0c93f3b62fe90c076a99	feces	7	male	caucasian	Inflammatory Bowel Disease Multi-omics Database (IBDMDB)	Integrative Human Microbiome Project
cad5930efe6763b64b3ccf1cd69cc376	4006	1419f08f554e0c93f3b62fe90c03bd6c	feces	7	male	caucasian	Inflammatory Bowel Disease Multi-omics Database (IBDMDB)	Integrative Human Microbiome Project
5994274eae30475ead69bfe27a14ac2a	3007	1419f08f554e0c93f3b62fe90c00a876	feces	7	female	caucasian	Inflammatory Bowel Disease Multi-omics Database (IBDMDB)	Integrative Human Microbiome Project
d39c1941c8f6e8b0f6ead5d7f7442632	3003	1419f08f554e0c93f3b62fe90c00d5e7	feces	7	female	caucasian	Inflammatory Bowel Disease Multi-omics Database (IBDMDB)	Integrative Human Microbiome Project
cad5930efe6763b64b3ccf1cd6c23ba9	2026	1419f08f554e0c93f3b62fe90c075141	feces	7	female	caucasian	Inflammatory Bowel Disease Multi-omics Database (IBDMDB)	Integrative Human Microbiome Project
d39c1941c8f6e8b0f6ead5d7f71e9588	2010	1419f08f554e0c93f3b62fe90c0635b4	feces	7	male	caucasian	Inflammatory Bowel Disease Multi-omics Database (IBDMDB)	Integrative Human Microbiome Project
d39c1941c8f6e8b0f6ead5d7f705b0de	5008	1419f08f554e0c93f3b62fe90c06b386	feces	6	male	african_american	Inflammatory Bowel Disease Multi-omics Database (IBDMDB)	Integrative Human Microbiome Project
d39c1941c8f6e8b0f6ead5d7f70a4f3a	4006	1419f08f554e0c93f3b62fe90c03bd6c	feces	6	male	caucasian	Inflammatory Bowel Disease Multi-omics Database (IBDMDB)	Integrative Human Microbiome Project
d39c1941c8f6e8b0f6ead5d7f7246808	2025	1419f08f554e0c93f3b62fe90c0376b5	feces	6	female	caucasian	Inflammatory Bowel Disease Multi-omics Database (IBDMDB)	Integrative Human Microbiome Project
5994274eae30475ead69bfe27a0e09b3	3002	1419f08f554e0c93f3b62fe90c0132d0	feces	6	female	caucasian	Inflammatory Bowel Disease Multi-omics Database (IBDMDB)	Integrative Human Microbiome Project
5994274eae30475ead69bfe27a0b51f1	3001	1419f08f554e0c93f3b62fe90c016fbe	feces	6	female	caucasian	Inflammatory Bowel Disease Multi-omics Database (IBDMDB)	Integrative Human Microbiome Project
5994274eae30475ead69bfe27a152204	3008	1419f08f554e0c93f3b62fe90c016091	feces	6	female	caucasian	Inflammatory Bowel Disease Multi-omics Database (IBDMDB)	Integrative Human Microbiome Project
d39c1941c8f6e8b0f6ead5d7f74f72ff	4001	1419f08f554e0c93f3b62fe90c039dd8	feces	6	male	caucasian	Inflammatory Bowel Disease Multi-omics Database (IBDMDB)	Integrative Human Microbiome Project
cad5930efe6763b64b3ccf1cd6bd6d14	2014	1419f08f554e0c93f3b62fe90c076a99	feces	6	male	caucasian	Inflammatory Bowel Disease Multi-omics Database (IBDMDB)	Integrative Human Microbiome Project
d39c1941c8f6e8b0f6ead5d7f746d004	3007	1419f08f554e0c93f3b62fe90c00a876	feces	6	female	caucasian	Inflammatory Bowel Disease Multi-omics Database (IBDMDB)	Integrative Human Microbiome Project
5994274eae30475ead69bfe27a0fffe5	3003	1419f08f554e0c93f3b62fe90c00d5e7	feces	6	female	caucasian	Inflammatory Bowel Disease Multi-omics Database (IBDMDB)	Integrative Human Microbiome Project
d39c1941c8f6e8b0f6ead5d7f745b51b	3006	1419f08f554e0c93f3b62fe90c0227a9	feces	6	male	caucasian	Inflammatory Bowel Disease Multi-omics Database (IBDMDB)	Integrative Human Microbiome Project